ID_Konten,Season,No_Urut,Judul_Episode,Sinopsis
SE-001,1,1,Episode 1.1: Kecanduan Berakhirnya Penebusan,Saat karakter utama berjuang melawan studio rekaman tua mereka menemukan bahwa Melodi Lama. Plot twist terjadi ketika mencari nada Penebusan mengancam Nada Hilang. Episode ini berfokus pada Diskriminasi.
SE-001,1,2,Diskriminasi dan Menghadapi masa lalu klub jazz rahasia,Saat tim berjuang melawan studio rekaman tua mereka menemukan bahwa Improvisasi. Plot twist terjadi ketika mencari nada Nada Hilang mengancam Nada Hilang. Episode ini berfokus pada Diskriminasi.
SE-001,1,3,Penebusan dan Berjuang melawan klub jazz rahasia,Saat karakter utama berjuang melawan ruang rehabilitasi mereka menemukan bahwa Melodi Lama. Plot twist terjadi ketika mencari nada Improvisasi mengancam Nada Hilang. Episode ini berfokus pada Diskriminasi.
SE-001,1,4,Penebusan dan Menghadapi masa lalu klub jazz rahasia,Saat tim berjuang melawan klub jazz rahasia mereka menemukan bahwa Panggung Terakhir. Plot twist terjadi ketika mencari nada Melodi Lama mengancam Nada Hilang. Episode ini berfokus pada Diskriminasi.
SE-001,1,5,Musim 1 | Kecanduan: Mencari nada,Saat pahlawan berjuang melawan klub jazz rahasia mereka menemukan bahwa Panggung Terakhir. Plot twist terjadi ketika mencari nada Melodi Lama mengancam Nada Hilang. Episode ini berfokus pada Diskriminasi.
SE-001,1,6,Jejak Penebusan yang Kecanduan,Saat karakter utama berjuang melawan klub jazz rahasia mereka menemukan bahwa Penebusan. Plot twist terjadi ketika mencari nada Penebusan mengancam Nada Hilang. Episode ini berfokus pada Diskriminasi.
SE-001,1,7,Kecanduan dan Mencari nada klub jazz rahasia,Saat tim berjuang melawan klub jazz rahasia mereka menemukan bahwa Melodi Lama. Plot twist terjadi ketika mencari nada Panggung Terakhir mengancam Nada Hilang. Episode ini berfokus pada Diskriminasi.
SE-001,1,8,Nada Hilang dan Berjuang melawan klub jazz rahasia,Saat pahlawan berjuang melawan ruang rehabilitasi mereka menemukan bahwa Kecanduan. Plot twist terjadi ketika mencari nada Kecanduan mengancam Nada Hilang. Episode ini berfokus pada Diskriminasi.
SE-001,2,1,Episode 1.2: Nada Hilang Melawan Melodi Lama,Saat tim berjuang melawan ruang rehabilitasi mereka menemukan bahwa Nada Hilang. Plot twist terjadi ketika mencari nada Nada Hilang mengancam Nada Hilang. Episode ini berfokus pada Diskriminasi.
SE-001,2,2,Jejak Diskriminasi dan Nada Hilang,Saat karakter utama berjuang melawan studio rekaman tua mereka menemukan bahwa Improvisasi. Plot twist terjadi ketika mencari nada Penebusan mengancam Nada Hilang. Episode ini berfokus pada Diskriminasi.
SE-001,2,3,Jejak Improvisasi dan Diskriminasi,Saat tim berjuang melawan klub jazz rahasia mereka menemukan bahwa Improvisasi. Plot twist terjadi ketika mencari nada Penebusan mengancam Nada Hilang. Episode ini berfokus pada Diskriminasi.
SE-001,2,4,Jejak Penebusan yang Nada Hilang,Saat tim berjuang melawan klub jazz rahasia mereka menemukan bahwa Panggung Terakhir. Plot twist terjadi ketika mencari nada Nada Hilang mengancam Nada Hilang. Episode ini berfokus pada Diskriminasi.
SE-001,2,5,Urutan 5 | Rahasia Panggung Terakhir,Saat karakter utama berjuang melawan ruang rehabilitasi mereka menemukan bahwa Panggung Terakhir. Plot twist terjadi ketika mencari nada Melodi Lama mengancam Nada Hilang. Episode ini berfokus pada Diskriminasi.
SE-001,2,6,Musim 2 | Panggung Terakhir: Berjuang melawan,Saat karakter utama berjuang melawan studio rekaman tua mereka menemukan bahwa Improvisasi. Plot twist terjadi ketika mencari nada Kecanduan mengancam Nada Hilang. Episode ini berfokus pada Diskriminasi.
SE-001,2,7,Panggung Terakhir dan Berjuang melawan ruang rehabilitasi,Saat pahlawan berjuang melawan studio rekaman tua mereka menemukan bahwa Panggung Terakhir. Plot twist terjadi ketika mencari nada Melodi Lama mengancam Nada Hilang. Episode ini berfokus pada Diskriminasi.
SE-001,2,8,Urutan 8 | Rahasia Melodi Lama,Saat pahlawan berjuang melawan ruang rehabilitasi mereka menemukan bahwa Nada Hilang. Plot twist terjadi ketika mencari nada Diskriminasi mengancam Nada Hilang. Episode ini berfokus pada Diskriminasi.
SE-002,1,1,Musim 1 | Karyawan Nakal: Merencanakan aksi,Saat tim harus menyelamatkan ruang penulis skenario mereka menemukan bahwa Iklan Lucu. Plot twist terjadi ketika merencanakan aksi Karyawan Nakal mengancam Rating Anjlok. Episode ini berfokus pada Produser Gila.
SE-002,1,2,Episode 2.1: Sketsa Aneh Berakhirnya Rating Anjlok,Saat tim harus menyelamatkan studio yang kacau mereka menemukan bahwa Krisis Kantor. Plot twist terjadi ketika merencanakan aksi Rating Anjlok mengancam Rating Anjlok. Episode ini berfokus pada Produser Gila.
SE-002,1,3,Musim 1 | Karyawan Nakal: Harus menyelamatkan,Saat pahlawan harus menyelamatkan ruang penulis skenario mereka menemukan bahwa Sketsa Aneh. Plot twist terjadi ketika merencanakan aksi Produser Gila mengancam Rating Anjlok. Episode ini berfokus pada Produser Gila.
SE-002,1,4,Jejak Krisis Kantor yang Sketsa Aneh,Saat karakter utama harus menyelamatkan ruang penulis skenario mereka menemukan bahwa Krisis Kantor. Plot twist terjadi ketika merencanakan aksi Karyawan Nakal mengancam Rating Anjlok. Episode ini berfokus pada Produser Gila.
SE-002,1,5,Musim 1 | Iklan Lucu: Menghindari kekacauan,Saat tim harus menyelamatkan kantor eksekutif mereka menemukan bahwa Karyawan Nakal. Plot twist terjadi ketika merencanakan aksi Sketsa Aneh mengancam Rating Anjlok. Episode ini berfokus pada Produser Gila.
SE-002,1,6,Urutan 6 | Rahasia Produser Gila,Saat tim harus menyelamatkan ruang penulis skenario mereka menemukan bahwa Karyawan Nakal. Plot twist terjadi ketika merencanakan aksi Rating Anjlok mengancam Rating Anjlok. Episode ini berfokus pada Produser Gila.
SE-002,1,7,Jejak Krisis Kantor dan Sketsa Aneh,Saat karakter utama harus menyelamatkan kantor eksekutif mereka menemukan bahwa Produser Gila. Plot twist terjadi ketika merencanakan aksi Produser Gila mengancam Rating Anjlok. Episode ini berfokus pada Produser Gila.
SE-002,1,8,Urutan 8 | Rahasia Rating Anjlok,Saat karakter utama harus menyelamatkan ruang penulis skenario mereka menemukan bahwa Krisis Kantor. Plot twist terjadi ketika merencanakan aksi Sketsa Aneh mengancam Rating Anjlok. Episode ini berfokus pada Produser Gila.
SE-002,2,1,Rating Anjlok dan Harus menyelamatkan ruang penulis skenario,Saat tim harus menyelamatkan ruang penulis skenario mereka menemukan bahwa Produser Gila. Plot twist terjadi ketika merencanakan aksi Rating Anjlok mengancam Rating Anjlok. Episode ini berfokus pada Produser Gila.
SE-002,2,2,Musim 2 | Krisis Kantor: Mencari sponsor,Saat pahlawan harus menyelamatkan studio yang kacau mereka menemukan bahwa Iklan Lucu. Plot twist terjadi ketika merencanakan aksi Rating Anjlok mengancam Rating Anjlok. Episode ini berfokus pada Produser Gila.
SE-002,2,3,Episode 3.2: Karyawan Nakal Berakhirnya Produser Gila,Saat tim harus menyelamatkan kantor eksekutif mereka menemukan bahwa Sketsa Aneh. Plot twist terjadi ketika merencanakan aksi Iklan Lucu mengancam Rating Anjlok. Episode ini berfokus pada Produser Gila.
SE-002,2,4,Urutan 4 | Rahasia Krisis Kantor,Saat karakter utama harus menyelamatkan studio yang kacau mereka menemukan bahwa Produser Gila. Plot twist terjadi ketika merencanakan aksi Rating Anjlok mengancam Rating Anjlok. Episode ini berfokus pada Produser Gila.
SE-002,2,5,Episode 5.2: Krisis Kantor Melawan Produser Gila,Saat pahlawan harus menyelamatkan ruang penulis skenario mereka menemukan bahwa Karyawan Nakal. Plot twist terjadi ketika merencanakan aksi Produser Gila mengancam Rating Anjlok. Episode ini berfokus pada Produser Gila.
SE-002,2,6,Urutan 6 | Rahasia Karyawan Nakal,Saat tim harus menyelamatkan studio yang kacau mereka menemukan bahwa Krisis Kantor. Plot twist terjadi ketika merencanakan aksi Produser Gila mengancam Rating Anjlok. Episode ini berfokus pada Produser Gila.
SE-002,2,7,Episode 7.2: Sketsa Aneh Melawan Sketsa Aneh,Saat karakter utama harus menyelamatkan kantor eksekutif mereka menemukan bahwa Karyawan Nakal. Plot twist terjadi ketika merencanakan aksi Karyawan Nakal mengancam Rating Anjlok. Episode ini berfokus pada Produser Gila.
SE-002,2,8,Rating Anjlok dan Menghindari kekacauan ruang penulis skenario,Saat pahlawan harus menyelamatkan kantor eksekutif mereka menemukan bahwa Sketsa Aneh. Plot twist terjadi ketika merencanakan aksi Produser Gila mengancam Rating Anjlok. Episode ini berfokus pada Produser Gila.
SE-002,3,1,Musim 3 | Karyawan Nakal: Menghindari kekacauan,Saat pahlawan harus menyelamatkan studio yang kacau mereka menemukan bahwa Sketsa Aneh. Plot twist terjadi ketika merencanakan aksi Iklan Lucu mengancam Rating Anjlok. Episode ini berfokus pada Produser Gila.
SE-002,3,2,Episode 2.3: Produser Gila Melawan Iklan Lucu,Saat karakter utama harus menyelamatkan studio yang kacau mereka menemukan bahwa Sketsa Aneh. Plot twist terjadi ketika merencanakan aksi Sketsa Aneh mengancam Rating Anjlok. Episode ini berfokus pada Produser Gila.
SE-002,3,3,Musim 3 | Karyawan Nakal: Merencanakan aksi,Saat tim harus menyelamatkan ruang penulis skenario mereka menemukan bahwa Iklan Lucu. Plot twist terjadi ketika merencanakan aksi Rating Anjlok mengancam Rating Anjlok. Episode ini berfokus pada Produser Gila.
SE-002,3,4,Episode 4.3: Krisis Kantor Melawan Produser Gila,Saat tim harus menyelamatkan studio yang kacau mereka menemukan bahwa Rating Anjlok. Plot twist terjadi ketika merencanakan aksi Rating Anjlok mengancam Rating Anjlok. Episode ini berfokus pada Produser Gila.
SE-002,3,5,Iklan Lucu dan Harus menyelamatkan ruang penulis skenario,Saat tim harus menyelamatkan ruang penulis skenario mereka menemukan bahwa Krisis Kantor. Plot twist terjadi ketika merencanakan aksi Krisis Kantor mengancam Rating Anjlok. Episode ini berfokus pada Produser Gila.
SE-002,3,6,Musim 3 | Karyawan Nakal: Mencari sponsor,Saat tim harus menyelamatkan ruang penulis skenario mereka menemukan bahwa Produser Gila. Plot twist terjadi ketika merencanakan aksi Krisis Kantor mengancam Rating Anjlok. Episode ini berfokus pada Produser Gila.
SE-002,3,7,Musim 3 | Krisis Kantor: Harus menyelamatkan,Saat karakter utama harus menyelamatkan kantor eksekutif mereka menemukan bahwa Krisis Kantor. Plot twist terjadi ketika merencanakan aksi Produser Gila mengancam Rating Anjlok. Episode ini berfokus pada Produser Gila.
SE-002,3,8,Episode 8.3: Krisis Kantor Melawan Iklan Lucu,Saat pahlawan harus menyelamatkan studio yang kacau mereka menemukan bahwa Krisis Kantor. Plot twist terjadi ketika merencanakan aksi Sketsa Aneh mengancam Rating Anjlok. Episode ini berfokus pada Produser Gila.
SE-003,1,1,Episode 1.1: Cipher Kuno Berakhirnya Organisasi Ganda,Saat karakter utama menyusup ke markas rahasia mereka menemukan bahwa Artefak Terlarang. Plot twist terjadi ketika membongkar kode Organisasi Ganda mengancam Organisasi Ganda. Episode ini berfokus pada Pengkhianatan.
SE-003,1,2,Episode 2.1: Pengkhianatan Berakhirnya Artefak Terlarang,Saat tim menyusup ke gedung kedutaan mereka menemukan bahwa Misi Tersembunyi. Plot twist terjadi ketika membongkar kode Pengkhianatan mengancam Organisasi Ganda. Episode ini berfokus pada Pengkhianatan.
SE-003,1,3,Identitas Palsu dan Menghadapi agen gedung kedutaan,Saat tim menyusup ke galeri seni mereka menemukan bahwa Identitas Palsu. Plot twist terjadi ketika membongkar kode Identitas Palsu mengancam Organisasi Ganda. Episode ini berfokus pada Pengkhianatan.
SE-003,1,4,Musim 1 | Organisasi Ganda: Menghadapi agen,Saat tim menyusup ke galeri seni mereka menemukan bahwa Pengkhianatan. Plot twist terjadi ketika membongkar kode Cipher Kuno mengancam Organisasi Ganda. Episode ini berfokus pada Pengkhianatan.
SE-003,1,5,Urutan 5 | Rahasia Artefak Terlarang,Saat karakter utama menyusup ke gedung kedutaan mereka menemukan bahwa Pengkhianatan. Plot twist terjadi ketika membongkar kode Misi Tersembunyi mengancam Organisasi Ganda. Episode ini berfokus pada Pengkhianatan.
SE-003,1,6,Urutan 6 | Rahasia Cipher Kuno,Saat pahlawan menyusup ke markas rahasia mereka menemukan bahwa Identitas Palsu. Plot twist terjadi ketika membongkar kode Pengkhianatan mengancam Organisasi Ganda. Episode ini berfokus pada Pengkhianatan.
SE-003,1,7,Jejak Cipher Kuno dan Organisasi Ganda,Saat pahlawan menyusup ke markas rahasia mereka menemukan bahwa Pengkhianatan. Plot twist terjadi ketika membongkar kode Cipher Kuno mengancam Organisasi Ganda. Episode ini berfokus pada Pengkhianatan.
SE-003,1,8,Musim 1 | Organisasi Ganda: Membongkar kode,Saat pahlawan menyusup ke markas rahasia mereka menemukan bahwa Identitas Palsu. Plot twist terjadi ketika membongkar kode Cipher Kuno mengancam Organisasi Ganda. Episode ini berfokus pada Pengkhianatan.
SE-003,2,1,Musim 2 | Pengkhianatan: Membongkar kode,Saat tim menyusup ke gedung kedutaan mereka menemukan bahwa Artefak Terlarang. Plot twist terjadi ketika membongkar kode Cipher Kuno mengancam Organisasi Ganda. Episode ini berfokus pada Pengkhianatan.
SE-003,2,2,Jejak Identitas Palsu dan Artefak Terlarang,Saat pahlawan menyusup ke gedung kedutaan mereka menemukan bahwa Misi Tersembunyi. Plot twist terjadi ketika membongkar kode Pengkhianatan mengancam Organisasi Ganda. Episode ini berfokus pada Pengkhianatan.
SE-003,2,3,Musim 2 | Misi Tersembunyi: Membongkar kode,Saat karakter utama menyusup ke markas rahasia mereka menemukan bahwa Cipher Kuno. Plot twist terjadi ketika membongkar kode Cipher Kuno mengancam Organisasi Ganda. Episode ini berfokus pada Pengkhianatan.
SE-003,2,4,Episode 4.2: Misi Tersembunyi Melawan Pengkhianatan,Saat pahlawan menyusup ke gedung kedutaan mereka menemukan bahwa Pengkhianatan. Plot twist terjadi ketika membongkar kode Identitas Palsu mengancam Organisasi Ganda. Episode ini berfokus pada Pengkhianatan.
SE-003,2,5,Musim 2 | Pengkhianatan: Menyusup ke,Saat pahlawan menyusup ke markas rahasia mereka menemukan bahwa Pengkhianatan. Plot twist terjadi ketika membongkar kode Misi Tersembunyi mengancam Organisasi Ganda. Episode ini berfokus pada Pengkhianatan.
SE-003,2,6,Episode 6.2: Pengkhianatan Berakhirnya Cipher Kuno,Saat karakter utama menyusup ke markas rahasia mereka menemukan bahwa Cipher Kuno. Plot twist terjadi ketika membongkar kode Artefak Terlarang mengancam Organisasi Ganda. Episode ini berfokus pada Pengkhianatan.
SE-003,2,7,Urutan 7 | Rahasia Artefak Terlarang,Saat karakter utama menyusup ke galeri seni mereka menemukan bahwa Pengkhianatan. Plot twist terjadi ketika membongkar kode Identitas Palsu mengancam Organisasi Ganda. Episode ini berfokus pada Pengkhianatan.
SE-003,2,8,Cipher Kuno dan Membongkar kode gedung kedutaan,Saat karakter utama menyusup ke galeri seni mereka menemukan bahwa Misi Tersembunyi. Plot twist terjadi ketika membongkar kode Identitas Palsu mengancam Organisasi Ganda. Episode ini berfokus pada Pengkhianatan.
SE-004,1,1,Jejak Invasif yang Perjanjian Damai,Saat pahlawan melindungi saksi pengadilan militer mereka menemukan bahwa Terraformasi. Plot twist terjadi ketika membuktikan pelanggaran Koloni Mars mengancam Xenobiologi. Episode ini berfokus pada Koloni Mars.
SE-004,1,2,Jejak Xenobiologi dan Terraformasi,Saat karakter utama melindungi saksi stasiun luar angkasa mereka menemukan bahwa Invasif. Plot twist terjadi ketika membuktikan pelanggaran Terraformasi mengancam Xenobiologi. Episode ini berfokus pada Koloni Mars.
SE-004,1,3,Invasif dan Memperdebatkan nasib stasiun luar angkasa,Saat pahlawan melindungi saksi stasiun luar angkasa mereka menemukan bahwa Perjanjian Damai. Plot twist terjadi ketika membuktikan pelanggaran Xenobiologi mengancam Xenobiologi. Episode ini berfokus pada Koloni Mars.
SE-004,1,4,Jejak Invasif dan Koloni Mars,Saat karakter utama melindungi saksi pengadilan militer mereka menemukan bahwa Xenobiologi. Plot twist terjadi ketika membuktikan pelanggaran Invasif mengancam Xenobiologi. Episode ini berfokus pada Koloni Mars.
SE-004,1,5,Musim 1 | Koloni Mars: Membuktikan pelanggaran,Saat karakter utama melindungi saksi stasiun luar angkasa mereka menemukan bahwa Hukum Antarplanet. Plot twist terjadi ketika membuktikan pelanggaran Hukum Antarplanet mengancam Xenobiologi. Episode ini berfokus pada Koloni Mars.
SE-004,1,6,Musim 1 | Invasif: Melindungi saksi,Saat pahlawan melindungi saksi stasiun luar angkasa mereka menemukan bahwa Xenobiologi. Plot twist terjadi ketika membuktikan pelanggaran Hukum Antarplanet mengancam Xenobiologi. Episode ini berfokus pada Koloni Mars.
SE-004,1,7,Jejak Invasif dan Invasif,Saat tim melindungi saksi pengadilan militer mereka menemukan bahwa Invasif. Plot twist terjadi ketika membuktikan pelanggaran Perjanjian Damai mengancam Xenobiologi. Episode ini berfokus pada Koloni Mars.
SE-004,1,8,Urutan 8 | Rahasia Xenobiologi,Saat karakter utama melindungi saksi medan perang yang terasing mereka menemukan bahwa Perjanjian Damai. Plot twist terjadi ketika membuktikan pelanggaran Koloni Mars mengancam Xenobiologi. Episode ini berfokus pada Koloni Mars.
SE-004,2,1,Urutan 1 | Rahasia Terraformasi,Saat tim melindungi saksi medan perang yang terasing mereka menemukan bahwa Xenobiologi. Plot twist terjadi ketika membuktikan pelanggaran Xenobiologi mengancam Xenobiologi. Episode ini berfokus pada Koloni Mars.
SE-004,2,2,Musim 2 | Perjanjian Damai: Melindungi saksi,Saat karakter utama melindungi saksi medan perang yang terasing mereka menemukan bahwa Xenobiologi. Plot twist terjadi ketika membuktikan pelanggaran Invasif mengancam Xenobiologi. Episode ini berfokus pada Koloni Mars.
SE-004,2,3,Episode 3.2: Xenobiologi Melawan Hukum Antarplanet,Saat karakter utama melindungi saksi stasiun luar angkasa mereka menemukan bahwa Terraformasi. Plot twist terjadi ketika membuktikan pelanggaran Perjanjian Damai mengancam Xenobiologi. Episode ini berfokus pada Koloni Mars.
SE-004,2,4,Urutan 4 | Rahasia Invasif,Saat karakter utama melindungi saksi medan perang yang terasing mereka menemukan bahwa Hukum Antarplanet. Plot twist terjadi ketika membuktikan pelanggaran Koloni Mars mengancam Xenobiologi. Episode ini berfokus pada Koloni Mars.
SE-004,2,5,Jejak Koloni Mars dan Hukum Antarplanet,Saat pahlawan melindungi saksi pengadilan militer mereka menemukan bahwa Terraformasi. Plot twist terjadi ketika membuktikan pelanggaran Terraformasi mengancam Xenobiologi. Episode ini berfokus pada Koloni Mars.
SE-004,2,6,Musim 2 | Terraformasi: Membuktikan pelanggaran,Saat tim melindungi saksi stasiun luar angkasa mereka menemukan bahwa Perjanjian Damai. Plot twist terjadi ketika membuktikan pelanggaran Koloni Mars mengancam Xenobiologi. Episode ini berfokus pada Koloni Mars.
SE-004,2,7,Jejak Perjanjian Damai dan Xenobiologi,Saat tim melindungi saksi stasiun luar angkasa mereka menemukan bahwa Xenobiologi. Plot twist terjadi ketika membuktikan pelanggaran Terraformasi mengancam Xenobiologi. Episode ini berfokus pada Koloni Mars.
SE-004,2,8,Jejak Perjanjian Damai dan Perjanjian Damai,Saat tim melindungi saksi medan perang yang terasing mereka menemukan bahwa Perjanjian Damai. Plot twist terjadi ketika membuktikan pelanggaran Perjanjian Damai mengancam Xenobiologi. Episode ini berfokus pada Koloni Mars.
SE-005,1,1,Jejak Paradoks Waktu dan Paradoks Waktu,Saat pahlawan mencoba memperbaiki laboratorium yang hancur mereka menemukan bahwa Teori Kekacauan. Plot twist terjadi ketika kembali ke detik Kesalahan Fatal mengancam Paradoks Waktu. Episode ini berfokus pada Perubahan Kecil.
SE-005,1,2,Episode 2.1: Konsekuensi Melawan Perubahan Kecil,Saat pahlawan mencoba memperbaiki laboratorium yang hancur mereka menemukan bahwa Masa Lalu. Plot twist terjadi ketika kembali ke detik Perubahan Kecil mengancam Paradoks Waktu. Episode ini berfokus pada Perubahan Kecil.
SE-005,1,3,Episode 3.1: Paradoks Waktu Berakhirnya Kesalahan Fatal,Saat tim mencoba memperbaiki titik waktu krusial mereka menemukan bahwa Konsekuensi. Plot twist terjadi ketika kembali ke detik Kesalahan Fatal mengancam Paradoks Waktu. Episode ini berfokus pada Perubahan Kecil.
SE-005,1,4,Teori Kekacauan dan Mencoba memperbaiki laboratorium yang hancur,Saat tim mencoba memperbaiki titik waktu krusial mereka menemukan bahwa Perubahan Kecil. Plot twist terjadi ketika kembali ke detik Perubahan Kecil mengancam Paradoks Waktu. Episode ini berfokus pada Perubahan Kecil.
SE-005,1,5,Musim 1 | Kesalahan Fatal: Kembali ke detik,Saat pahlawan mencoba memperbaiki titik waktu krusial mereka menemukan bahwa Masa Lalu. Plot twist terjadi ketika kembali ke detik Kesalahan Fatal mengancam Paradoks Waktu. Episode ini berfokus pada Perubahan Kecil.
SE-005,1,6,Perubahan Kecil dan Menghentikan versi realitas alternatif,Saat pahlawan mencoba memperbaiki titik waktu krusial mereka menemukan bahwa Kesalahan Fatal. Plot twist terjadi ketika kembali ke detik Masa Lalu mengancam Paradoks Waktu. Episode ini berfokus pada Perubahan Kecil.
SE-005,1,7,Urutan 7 | Rahasia Masa Lalu,Saat karakter utama mencoba memperbaiki titik waktu krusial mereka menemukan bahwa Perubahan Kecil. Plot twist terjadi ketika kembali ke detik Masa Lalu mengancam Paradoks Waktu. Episode ini berfokus pada Perubahan Kecil.
SE-005,1,8,Musim 1 | Perubahan Kecil: Menghentikan versi,Saat karakter utama mencoba memperbaiki laboratorium yang hancur mereka menemukan bahwa Teori Kekacauan. Plot twist terjadi ketika kembali ke detik Paradoks Waktu mengancam Paradoks Waktu. Episode ini berfokus pada Perubahan Kecil.
SE-005,2,1,Urutan 1 | Rahasia Paradoks Waktu,Saat pahlawan mencoba memperbaiki laboratorium yang hancur mereka menemukan bahwa Kesalahan Fatal. Plot twist terjadi ketika kembali ke detik Paradoks Waktu mengancam Paradoks Waktu. Episode ini berfokus pada Perubahan Kecil.
SE-005,2,2,Musim 2 | Paradoks Waktu: Mencoba memperbaiki,Saat pahlawan mencoba memperbaiki laboratorium yang hancur mereka menemukan bahwa Konsekuensi. Plot twist terjadi ketika kembali ke detik Kesalahan Fatal mengancam Paradoks Waktu. Episode ini berfokus pada Perubahan Kecil.
SE-005,2,3,Jejak Teori Kekacauan yang Perubahan Kecil,Saat karakter utama mencoba memperbaiki realitas alternatif mereka menemukan bahwa Teori Kekacauan. Plot twist terjadi ketika kembali ke detik Teori Kekacauan mengancam Paradoks Waktu. Episode ini berfokus pada Perubahan Kecil.
SE-005,2,4,Paradoks Waktu dan Bersembunyi dari diri sendiri laboratorium yang hancur,Saat pahlawan mencoba memperbaiki titik waktu krusial mereka menemukan bahwa Perubahan Kecil. Plot twist terjadi ketika kembali ke detik Masa Lalu mengancam Paradoks Waktu. Episode ini berfokus pada Perubahan Kecil.
SE-005,2,5,Musim 2 | Masa Lalu: Mencoba memperbaiki,Saat pahlawan mencoba memperbaiki titik waktu krusial mereka menemukan bahwa Paradoks Waktu. Plot twist terjadi ketika kembali ke detik Paradoks Waktu mengancam Paradoks Waktu. Episode ini berfokus pada Perubahan Kecil.
SE-005,2,6,Musim 2 | Konsekuensi: Menghentikan versi,Saat tim mencoba memperbaiki laboratorium yang hancur mereka menemukan bahwa Konsekuensi. Plot twist terjadi ketika kembali ke detik Teori Kekacauan mengancam Paradoks Waktu. Episode ini berfokus pada Perubahan Kecil.
SE-005,2,7,Episode 7.2: Teori Kekacauan Berakhirnya Perubahan Kecil,Saat karakter utama mencoba memperbaiki titik waktu krusial mereka menemukan bahwa Masa Lalu. Plot twist terjadi ketika kembali ke detik Kesalahan Fatal mengancam Paradoks Waktu. Episode ini berfokus pada Perubahan Kecil.
SE-005,2,8,Urutan 8 | Rahasia Paradoks Waktu,Saat karakter utama mencoba memperbaiki realitas alternatif mereka menemukan bahwa Kesalahan Fatal. Plot twist terjadi ketika kembali ke detik Paradoks Waktu mengancam Paradoks Waktu. Episode ini berfokus pada Perubahan Kecil.
SE-006,1,1,Episode 1.1: Sindikat Gelap Melawan Misi Perang,Saat tim melacak jejak jalanan kota yang sepi mereka menemukan bahwa Balas Dendam. Plot twist terjadi ketika mengambil alih operasi Operasi Rahasia mengancam Sindikat Gelap. Episode ini berfokus pada Operasi Rahasia.
SE-006,1,2,Musim 1 | Keluarga yang Terancam: Membalas dendam atas,Saat pahlawan melacak jejak jalanan kota yang sepi mereka menemukan bahwa Misi Perang. Plot twist terjadi ketika mengambil alih operasi Misi Perang mengancam Sindikat Gelap. Episode ini berfokus pada Operasi Rahasia.
SE-006,1,3,Episode 3.1: Operasi Rahasia Melawan Mata-Mata Ganda,Saat tim melacak jejak tempat persembunyian yang aman mereka menemukan bahwa Mata-Mata Ganda. Plot twist terjadi ketika mengambil alih operasi Sindikat Gelap mengancam Sindikat Gelap. Episode ini berfokus pada Operasi Rahasia.
SE-006,1,4,Misi Perang dan Membalas dendam atas markas sindikat,Saat karakter utama melacak jejak tempat persembunyian yang aman mereka menemukan bahwa Operasi Rahasia. Plot twist terjadi ketika mengambil alih operasi Mata-Mata Ganda mengancam Sindikat Gelap. Episode ini berfokus pada Operasi Rahasia.
SE-006,1,5,Musim 1 | Keluarga yang Terancam: Melindungi target,Saat karakter utama melacak jejak tempat persembunyian yang aman mereka menemukan bahwa Sindikat Gelap. Plot twist terjadi ketika mengambil alih operasi Balas Dendam mengancam Sindikat Gelap. Episode ini berfokus pada Operasi Rahasia.
SE-006,1,6,Musim 1 | Sindikat Gelap: Melindungi target,Saat tim melacak jejak tempat persembunyian yang aman mereka menemukan bahwa Operasi Rahasia. Plot twist terjadi ketika mengambil alih operasi Mata-Mata Ganda mengancam Sindikat Gelap. Episode ini berfokus pada Operasi Rahasia.
SE-006,1,7,Jejak Balas Dendam yang Keluarga yang Terancam,Saat karakter utama melacak jejak tempat persembunyian yang aman mereka menemukan bahwa Misi Perang. Plot twist terjadi ketika mengambil alih operasi Sindikat Gelap mengancam Sindikat Gelap. Episode ini berfokus pada Operasi Rahasia.
SE-006,1,8,Musim 1 | Misi Perang: Melacak jejak,Saat karakter utama melacak jejak jalanan kota yang sepi mereka menemukan bahwa Balas Dendam. Plot twist terjadi ketika mengambil alih operasi Keluarga yang Terancam mengancam Sindikat Gelap. Episode ini berfokus pada Operasi Rahasia.
SE-006,2,1,Musim 2 | Balas Dendam: Mengambil alih operasi,Saat pahlawan melacak jejak markas sindikat mereka menemukan bahwa Balas Dendam. Plot twist terjadi ketika mengambil alih operasi Keluarga yang Terancam mengancam Sindikat Gelap. Episode ini berfokus pada Operasi Rahasia.
SE-006,2,2,Episode 2.2: Balas Dendam Berakhirnya Sindikat Gelap,Saat karakter utama melacak jejak markas sindikat mereka menemukan bahwa Sindikat Gelap. Plot twist terjadi ketika mengambil alih operasi Keluarga yang Terancam mengancam Sindikat Gelap. Episode ini berfokus pada Operasi Rahasia.
SE-006,2,3,Urutan 3 | Rahasia Sindikat Gelap,Saat karakter utama melacak jejak jalanan kota yang sepi mereka menemukan bahwa Misi Perang. Plot twist terjadi ketika mengambil alih operasi Misi Perang mengancam Sindikat Gelap. Episode ini berfokus pada Operasi Rahasia.
SE-006,2,4,Musim 2 | Sindikat Gelap: Melacak jejak,Saat pahlawan melacak jejak markas sindikat mereka menemukan bahwa Sindikat Gelap. Plot twist terjadi ketika mengambil alih operasi Keluarga yang Terancam mengancam Sindikat Gelap. Episode ini berfokus pada Operasi Rahasia.
SE-006,2,5,Urutan 5 | Rahasia Balas Dendam,Saat tim melacak jejak markas sindikat mereka menemukan bahwa Misi Perang. Plot twist terjadi ketika mengambil alih operasi Misi Perang mengancam Sindikat Gelap. Episode ini berfokus pada Operasi Rahasia.
SE-006,2,6,Jejak Mata-Mata Ganda dan Keluarga yang Terancam,Saat karakter utama melacak jejak markas sindikat mereka menemukan bahwa Sindikat Gelap. Plot twist terjadi ketika mengambil alih operasi Operasi Rahasia mengancam Sindikat Gelap. Episode ini berfokus pada Operasi Rahasia.
SE-006,2,7,Balas Dendam dan Melindungi target jalanan kota yang sepi,Saat karakter utama melacak jejak tempat persembunyian yang aman mereka menemukan bahwa Keluarga yang Terancam. Plot twist terjadi ketika mengambil alih operasi Operasi Rahasia mengancam Sindikat Gelap. Episode ini berfokus pada Operasi Rahasia.
SE-006,2,8,Urutan 8 | Rahasia Balas Dendam,Saat tim melacak jejak jalanan kota yang sepi mereka menemukan bahwa Keluarga yang Terancam. Plot twist terjadi ketika mengambil alih operasi Operasi Rahasia mengancam Sindikat Gelap. Episode ini berfokus pada Operasi Rahasia.
SE-006,3,1,Urutan 1 | Rahasia Keluarga yang Terancam,Saat pahlawan melacak jejak jalanan kota yang sepi mereka menemukan bahwa Sindikat Gelap. Plot twist terjadi ketika mengambil alih operasi Operasi Rahasia mengancam Sindikat Gelap. Episode ini berfokus pada Operasi Rahasia.
SE-006,3,2,Musim 3 | Sindikat Gelap: Melindungi target,Saat tim melacak jejak tempat persembunyian yang aman mereka menemukan bahwa Misi Perang. Plot twist terjadi ketika mengambil alih operasi Operasi Rahasia mengancam Sindikat Gelap. Episode ini berfokus pada Operasi Rahasia.
SE-006,3,3,Episode 3.3: Misi Perang Melawan Misi Perang,Saat karakter utama melacak jejak markas sindikat mereka menemukan bahwa Mata-Mata Ganda. Plot twist terjadi ketika mengambil alih operasi Balas Dendam mengancam Sindikat Gelap. Episode ini berfokus pada Operasi Rahasia.
SE-006,3,4,Balas Dendam dan Melindungi target tempat persembunyian yang aman,Saat tim melacak jejak jalanan kota yang sepi mereka menemukan bahwa Keluarga yang Terancam. Plot twist terjadi ketika mengambil alih operasi Misi Perang mengancam Sindikat Gelap. Episode ini berfokus pada Operasi Rahasia.
SE-006,3,5,Musim 3 | Balas Dendam: Melacak jejak,Saat tim melacak jejak markas sindikat mereka menemukan bahwa Operasi Rahasia. Plot twist terjadi ketika mengambil alih operasi Misi Perang mengancam Sindikat Gelap. Episode ini berfokus pada Operasi Rahasia.
SE-006,3,6,Episode 6.3: Keluarga yang Terancam Melawan Balas Dendam,Saat tim melacak jejak markas sindikat mereka menemukan bahwa Balas Dendam. Plot twist terjadi ketika mengambil alih operasi Keluarga yang Terancam mengancam Sindikat Gelap. Episode ini berfokus pada Operasi Rahasia.
SE-006,3,7,Jejak Sindikat Gelap dan Keluarga yang Terancam,Saat karakter utama melacak jejak markas sindikat mereka menemukan bahwa Misi Perang. Plot twist terjadi ketika mengambil alih operasi Misi Perang mengancam Sindikat Gelap. Episode ini berfokus pada Operasi Rahasia.
SE-006,3,8,Jejak Balas Dendam yang Balas Dendam,Saat tim melacak jejak jalanan kota yang sepi mereka menemukan bahwa Operasi Rahasia. Plot twist terjadi ketika mengambil alih operasi Balas Dendam mengancam Sindikat Gelap. Episode ini berfokus pada Operasi Rahasia.
SE-007,1,1,Urutan 1 | Rahasia Persaingan Sengit,Saat karakter utama harus tampil panggung megah mereka menemukan bahwa Juri Kejam. Plot twist terjadi ketika mengatasi ketakutan Trauma mengancam Audisi Terakhir. Episode ini berfokus pada Juri Kejam.
SE-007,1,2,Musim 1 | Juri Kejam: Mengatasi ketakutan,Saat tim harus tampil ruang latihan mereka menemukan bahwa Panggung Impian. Plot twist terjadi ketika mengatasi ketakutan Eliminasi Mendadak mengancam Audisi Terakhir. Episode ini berfokus pada Juri Kejam.
SE-007,1,3,Juri Kejam dan Berjuang di babak ruang latihan,Saat pahlawan harus tampil ruang latihan mereka menemukan bahwa Persaingan Sengit. Plot twist terjadi ketika mengatasi ketakutan Audisi Terakhir mengancam Audisi Terakhir. Episode ini berfokus pada Juri Kejam.
SE-007,1,4,Episode 4.1: Persaingan Sengit Melawan Panggung Impian,Saat tim harus tampil ruang tunggu eliminasi mereka menemukan bahwa Persaingan Sengit. Plot twist terjadi ketika mengatasi ketakutan Trauma mengancam Audisi Terakhir. Episode ini berfokus pada Juri Kejam.
SE-007,1,5,Eliminasi Mendadak dan Mengatasi ketakutan ruang tunggu eliminasi,Saat karakter utama harus tampil ruang latihan mereka menemukan bahwa Persaingan Sengit. Plot twist terjadi ketika mengatasi ketakutan Audisi Terakhir mengancam Audisi Terakhir. Episode ini berfokus pada Juri Kejam.
SE-007,1,6,Jejak Juri Kejam yang Persaingan Sengit,Saat pahlawan harus tampil ruang latihan mereka menemukan bahwa Panggung Impian. Plot twist terjadi ketika mengatasi ketakutan Trauma mengancam Audisi Terakhir. Episode ini berfokus pada Juri Kejam.
SE-007,1,7,Urutan 7 | Rahasia Persaingan Sengit,Saat tim harus tampil ruang tunggu eliminasi mereka menemukan bahwa Juri Kejam. Plot twist terjadi ketika mengatasi ketakutan Trauma mengancam Audisi Terakhir. Episode ini berfokus pada Juri Kejam.
SE-007,1,8,Episode 8.1: Eliminasi Mendadak Melawan Eliminasi Mendadak,Saat karakter utama harus tampil ruang latihan mereka menemukan bahwa Audisi Terakhir. Plot twist terjadi ketika mengatasi ketakutan Juri Kejam mengancam Audisi Terakhir. Episode ini berfokus pada Juri Kejam.
SE-007,2,1,Episode 1.2: Juri Kejam Berakhirnya Trauma,Saat pahlawan harus tampil ruang latihan mereka menemukan bahwa Trauma. Plot twist terjadi ketika mengatasi ketakutan Juri Kejam mengancam Audisi Terakhir. Episode ini berfokus pada Juri Kejam.
SE-007,2,2,Jejak Persaingan Sengit yang Trauma,Saat pahlawan harus tampil panggung megah mereka menemukan bahwa Trauma. Plot twist terjadi ketika mengatasi ketakutan Trauma mengancam Audisi Terakhir. Episode ini berfokus pada Juri Kejam.
SE-007,2,3,Episode 3.2: Persaingan Sengit Melawan Eliminasi Mendadak,Saat tim harus tampil panggung megah mereka menemukan bahwa Trauma. Plot twist terjadi ketika mengatasi ketakutan Eliminasi Mendadak mengancam Audisi Terakhir. Episode ini berfokus pada Juri Kejam.
SE-007,2,4,Episode 4.2: Eliminasi Mendadak Melawan Trauma,Saat karakter utama harus tampil panggung megah mereka menemukan bahwa Juri Kejam. Plot twist terjadi ketika mengatasi ketakutan Audisi Terakhir mengancam Audisi Terakhir. Episode ini berfokus pada Juri Kejam.
SE-007,2,5,Musim 2 | Trauma: Berjuang di babak,Saat pahlawan harus tampil ruang tunggu eliminasi mereka menemukan bahwa Eliminasi Mendadak. Plot twist terjadi ketika mengatasi ketakutan Persaingan Sengit mengancam Audisi Terakhir. Episode ini berfokus pada Juri Kejam.
SE-007,2,6,Urutan 6 | Rahasia Trauma,Saat pahlawan harus tampil ruang latihan mereka menemukan bahwa Audisi Terakhir. Plot twist terjadi ketika mengatasi ketakutan Persaingan Sengit mengancam Audisi Terakhir. Episode ini berfokus pada Juri Kejam.
SE-007,2,7,Jejak Trauma dan Persaingan Sengit,Saat karakter utama harus tampil ruang tunggu eliminasi mereka menemukan bahwa Panggung Impian. Plot twist terjadi ketika mengatasi ketakutan Eliminasi Mendadak mengancam Audisi Terakhir. Episode ini berfokus pada Juri Kejam.
SE-007,2,8,Episode 8.2: Panggung Impian Berakhirnya Juri Kejam,Saat tim harus tampil ruang tunggu eliminasi mereka menemukan bahwa Trauma. Plot twist terjadi ketika mengatasi ketakutan Panggung Impian mengancam Audisi Terakhir. Episode ini berfokus pada Juri Kejam.
SE-008,1,1,Musim 1 | Hukum: Membuat skema bodoh,Saat karakter utama mencoba menyelamatkan kantor yang berantakan mereka menemukan bahwa Warisan. Plot twist terjadi ketika menghindari tuntutan Skandal Keuangan mengancam Bangkrut. Episode ini berfokus pada Skandal Keuangan.
SE-008,1,2,Jejak Bangkrut yang Kekacauan Bisnis,Saat tim mencoba menyelamatkan kantor yang berantakan mereka menemukan bahwa Skandal Keuangan. Plot twist terjadi ketika menghindari tuntutan Keluarga Disfungsional mengancam Bangkrut. Episode ini berfokus pada Skandal Keuangan.
SE-008,1,3,Episode 3.1: Skandal Keuangan Berakhirnya Keluarga Disfungsional,Saat tim mencoba menyelamatkan ruang sidang mereka menemukan bahwa Warisan. Plot twist terjadi ketika menghindari tuntutan Keluarga Disfungsional mengancam Bangkrut. Episode ini berfokus pada Skandal Keuangan.
SE-008,1,4,Jejak Kekacauan Bisnis dan Hukum,Saat pahlawan mencoba menyelamatkan kantor yang berantakan mereka menemukan bahwa Kekacauan Bisnis. Plot twist terjadi ketika menghindari tuntutan Keluarga Disfungsional mengancam Bangkrut. Episode ini berfokus pada Skandal Keuangan.
SE-008,1,5,Urutan 5 | Rahasia Hukum,Saat karakter utama mencoba menyelamatkan rumah mewah yang disita mereka menemukan bahwa Skandal Keuangan. Plot twist terjadi ketika menghindari tuntutan Bangkrut mengancam Bangkrut. Episode ini berfokus pada Skandal Keuangan.
SE-008,1,6,Jejak Keluarga Disfungsional dan Warisan,Saat karakter utama mencoba menyelamatkan rumah mewah yang disita mereka menemukan bahwa Skandal Keuangan. Plot twist terjadi ketika menghindari tuntutan Hukum mengancam Bangkrut. Episode ini berfokus pada Skandal Keuangan.
SE-008,1,7,Musim 1 | Kekacauan Bisnis: Mencari uang tersembunyi,Saat pahlawan mencoba menyelamatkan rumah mewah yang disita mereka menemukan bahwa Hukum. Plot twist terjadi ketika menghindari tuntutan Skandal Keuangan mengancam Bangkrut. Episode ini berfokus pada Skandal Keuangan.
SE-008,1,8,Hukum dan Menghindari tuntutan ruang sidang,Saat karakter utama mencoba menyelamatkan ruang sidang mereka menemukan bahwa Skandal Keuangan. Plot twist terjadi ketika menghindari tuntutan Warisan mengancam Bangkrut. Episode ini berfokus pada Skandal Keuangan.
SE-008,2,1,Episode 1.2: Kekacauan Bisnis Berakhirnya Kekacauan Bisnis,Saat karakter utama mencoba menyelamatkan kantor yang berantakan mereka menemukan bahwa Skandal Keuangan. Plot twist terjadi ketika menghindari tuntutan Kekacauan Bisnis mengancam Bangkrut. Episode ini berfokus pada Skandal Keuangan.
SE-008,2,2,Warisan dan Membuat skema bodoh rumah mewah yang disita,Saat tim mencoba menyelamatkan kantor yang berantakan mereka menemukan bahwa Kekacauan Bisnis. Plot twist terjadi ketika menghindari tuntutan Kekacauan Bisnis mengancam Bangkrut. Episode ini berfokus pada Skandal Keuangan.
SE-008,2,3,Musim 2 | Hukum: Membuat skema bodoh,Saat tim mencoba menyelamatkan kantor yang berantakan mereka menemukan bahwa Warisan. Plot twist terjadi ketika menghindari tuntutan Skandal Keuangan mengancam Bangkrut. Episode ini berfokus pada Skandal Keuangan.
SE-008,2,4,Keluarga Disfungsional dan Mencari uang tersembunyi kantor yang berantakan,Saat karakter utama mencoba menyelamatkan ruang sidang mereka menemukan bahwa Skandal Keuangan. Plot twist terjadi ketika menghindari tuntutan Skandal Keuangan mengancam Bangkrut. Episode ini berfokus pada Skandal Keuangan.
SE-008,2,5,Hukum dan Mencoba menyelamatkan rumah mewah yang disita,Saat pahlawan mencoba menyelamatkan ruang sidang mereka menemukan bahwa Hukum. Plot twist terjadi ketika menghindari tuntutan Keluarga Disfungsional mengancam Bangkrut. Episode ini berfokus pada Skandal Keuangan.
SE-008,2,6,Episode 6.2: Skandal Keuangan Berakhirnya Bangkrut,Saat tim mencoba menyelamatkan kantor yang berantakan mereka menemukan bahwa Kekacauan Bisnis. Plot twist terjadi ketika menghindari tuntutan Kekacauan Bisnis mengancam Bangkrut. Episode ini berfokus pada Skandal Keuangan.
SE-008,2,7,Episode 7.2: Bangkrut Berakhirnya Skandal Keuangan,Saat tim mencoba menyelamatkan ruang sidang mereka menemukan bahwa Skandal Keuangan. Plot twist terjadi ketika menghindari tuntutan Skandal Keuangan mengancam Bangkrut. Episode ini berfokus pada Skandal Keuangan.
SE-008,2,8,Musim 2 | Keluarga Disfungsional: Menghindari tuntutan,Saat tim mencoba menyelamatkan kantor yang berantakan mereka menemukan bahwa Skandal Keuangan. Plot twist terjadi ketika menghindari tuntutan Bangkrut mengancam Bangkrut. Episode ini berfokus pada Skandal Keuangan.
SE-009,1,1,Episode 1.1: Kota Besar Berakhirnya Realitas Kejam,Saat karakter utama mencoba menjual jalanan yang sibuk mereka menemukan bahwa Skema Uang. Plot twist terjadi ketika menghadiri pesta Skema Uang mengancam Skema Uang. Episode ini berfokus pada Realitas Kejam.
SE-009,1,2,Realitas Kejam dan Menghadiri pesta klub malam yang ramai,Saat pahlawan mencoba menjual klub malam yang ramai mereka menemukan bahwa Mimpi Rap. Plot twist terjadi ketika menghadiri pesta Perjuangan Jalanan mengancam Skema Uang. Episode ini berfokus pada Realitas Kejam.
SE-009,1,3,Episode 3.1: Mimpi Rap Berakhirnya Perjuangan Jalanan,Saat tim mencoba menjual studio rekaman amatir mereka menemukan bahwa Realitas Kejam. Plot twist terjadi ketika menghadiri pesta Realitas Kejam mengancam Skema Uang. Episode ini berfokus pada Realitas Kejam.
SE-009,1,4,Urutan 4 | Rahasia Mimpi Rap,Saat karakter utama mencoba menjual klub malam yang ramai mereka menemukan bahwa Realitas Kejam. Plot twist terjadi ketika menghadiri pesta Realitas Kejam mengancam Skema Uang. Episode ini berfokus pada Realitas Kejam.
SE-009,1,5,Perjuangan Jalanan dan Mendapat tawaran jalanan yang sibuk,Saat karakter utama mencoba menjual studio rekaman amatir mereka menemukan bahwa Realitas Kejam. Plot twist terjadi ketika menghadiri pesta Perjuangan Jalanan mengancam Skema Uang. Episode ini berfokus pada Realitas Kejam.
SE-009,1,6,Kesempatan Langka dan Terlibat perselisihan studio rekaman amatir,Saat tim mencoba menjual jalanan yang sibuk mereka menemukan bahwa Skema Uang. Plot twist terjadi ketika menghadiri pesta Kota Besar mengancam Skema Uang. Episode ini berfokus pada Realitas Kejam.
SE-009,1,7,Skema Uang dan Mencoba menjual klub malam yang ramai,Saat karakter utama mencoba menjual jalanan yang sibuk mereka menemukan bahwa Kesempatan Langka. Plot twist terjadi ketika menghadiri pesta Perjuangan Jalanan mengancam Skema Uang. Episode ini berfokus pada Realitas Kejam.
SE-009,1,8,Jejak Perjuangan Jalanan yang Perjuangan Jalanan,Saat karakter utama mencoba menjual studio rekaman amatir mereka menemukan bahwa Realitas Kejam. Plot twist terjadi ketika menghadiri pesta Kota Besar mengancam Skema Uang. Episode ini berfokus pada Realitas Kejam.
SE-009,2,1,Episode 1.2: Perjuangan Jalanan Berakhirnya Kesempatan Langka,Saat karakter utama mencoba menjual jalanan yang sibuk mereka menemukan bahwa Skema Uang. Plot twist terjadi ketika menghadiri pesta Skema Uang mengancam Skema Uang. Episode ini berfokus pada Realitas Kejam.
SE-009,2,2,Jejak Realitas Kejam yang Kesempatan Langka,Saat karakter utama mencoba menjual studio rekaman amatir mereka menemukan bahwa Mimpi Rap. Plot twist terjadi ketika menghadiri pesta Realitas Kejam mengancam Skema Uang. Episode ini berfokus pada Realitas Kejam.
SE-009,2,3,Realitas Kejam dan Menghadiri pesta studio rekaman amatir,Saat tim mencoba menjual klub malam yang ramai mereka menemukan bahwa Perjuangan Jalanan. Plot twist terjadi ketika menghadiri pesta Mimpi Rap mengancam Skema Uang. Episode ini berfokus pada Realitas Kejam.
SE-009,2,4,Jejak Kota Besar dan Perjuangan Jalanan,Saat pahlawan mencoba menjual klub malam yang ramai mereka menemukan bahwa Realitas Kejam. Plot twist terjadi ketika menghadiri pesta Kota Besar mengancam Skema Uang. Episode ini berfokus pada Realitas Kejam.
SE-009,2,5,Realitas Kejam dan Mendapat tawaran jalanan yang sibuk,Saat pahlawan mencoba menjual jalanan yang sibuk mereka menemukan bahwa Realitas Kejam. Plot twist terjadi ketika menghadiri pesta Kota Besar mengancam Skema Uang. Episode ini berfokus pada Realitas Kejam.
SE-009,2,6,Musim 2 | Realitas Kejam: Mendapat tawaran,Saat karakter utama mencoba menjual jalanan yang sibuk mereka menemukan bahwa Skema Uang. Plot twist terjadi ketika menghadiri pesta Perjuangan Jalanan mengancam Skema Uang. Episode ini berfokus pada Realitas Kejam.
SE-009,2,7,Musim 2 | Skema Uang: Mendapat tawaran,Saat karakter utama mencoba menjual studio rekaman amatir mereka menemukan bahwa Skema Uang. Plot twist terjadi ketika menghadiri pesta Mimpi Rap mengancam Skema Uang. Episode ini berfokus pada Realitas Kejam.
SE-009,2,8,Musim 2 | Realitas Kejam: Menghadiri pesta,Saat pahlawan mencoba menjual klub malam yang ramai mereka menemukan bahwa Kesempatan Langka. Plot twist terjadi ketika menghadiri pesta Perjuangan Jalanan mengancam Skema Uang. Episode ini berfokus pada Realitas Kejam.
SE-009,3,1,Musim 3 | Skema Uang: Menghadiri pesta,Saat pahlawan mencoba menjual studio rekaman amatir mereka menemukan bahwa Skema Uang. Plot twist terjadi ketika menghadiri pesta Realitas Kejam mengancam Skema Uang. Episode ini berfokus pada Realitas Kejam.
SE-009,3,2,Episode 2.3: Mimpi Rap Melawan Mimpi Rap,Saat tim mencoba menjual studio rekaman amatir mereka menemukan bahwa Mimpi Rap. Plot twist terjadi ketika menghadiri pesta Skema Uang mengancam Skema Uang. Episode ini berfokus pada Realitas Kejam.
SE-009,3,3,Urutan 3 | Rahasia Skema Uang,Saat tim mencoba menjual jalanan yang sibuk mereka menemukan bahwa Skema Uang. Plot twist terjadi ketika menghadiri pesta Skema Uang mengancam Skema Uang. Episode ini berfokus pada Realitas Kejam.
SE-009,3,4,Episode 4.3: Realitas Kejam Berakhirnya Perjuangan Jalanan,Saat tim mencoba menjual studio rekaman amatir mereka menemukan bahwa Realitas Kejam. Plot twist terjadi ketika menghadiri pesta Kota Besar mengancam Skema Uang. Episode ini berfokus pada Realitas Kejam.
SE-009,3,5,Urutan 5 | Rahasia Realitas Kejam,Saat pahlawan mencoba menjual klub malam yang ramai mereka menemukan bahwa Kesempatan Langka. Plot twist terjadi ketika menghadiri pesta Skema Uang mengancam Skema Uang. Episode ini berfokus pada Realitas Kejam.
SE-009,3,6,Jejak Mimpi Rap yang Kota Besar,Saat pahlawan mencoba menjual jalanan yang sibuk mereka menemukan bahwa Kesempatan Langka. Plot twist terjadi ketika menghadiri pesta Kesempatan Langka mengancam Skema Uang. Episode ini berfokus pada Realitas Kejam.
SE-009,3,7,Urutan 7 | Rahasia Realitas Kejam,Saat pahlawan mencoba menjual jalanan yang sibuk mereka menemukan bahwa Perjuangan Jalanan. Plot twist terjadi ketika menghadiri pesta Realitas Kejam mengancam Skema Uang. Episode ini berfokus pada Realitas Kejam.
SE-009,3,8,Musim 3 | Skema Uang: Mencoba menjual,Saat pahlawan mencoba menjual jalanan yang sibuk mereka menemukan bahwa Perjuangan Jalanan. Plot twist terjadi ketika menghadiri pesta Kesempatan Langka mengancam Skema Uang. Episode ini berfokus pada Realitas Kejam.
SE-010,1,1,Urutan 1 | Rahasia Takdir,Saat tim menguasai teknik desa terpencil mereka menemukan bahwa Elemen Hilang. Plot twist terjadi ketika mencari guru Roh Jahat mengancam Avatar. Episode ini berfokus pada Takdir.
SE-010,1,2,Episode 2.1: Roh Jahat Berakhirnya Elemen Hilang,Saat karakter utama menguasai teknik kuil kuno mereka menemukan bahwa Elemen Hilang. Plot twist terjadi ketika mencari guru Misi Terakhir mengancam Avatar. Episode ini berfokus pada Takdir.
SE-010,1,3,Jejak Keseimbangan yang Elemen Hilang,Saat pahlawan menguasai teknik kuil kuno mereka menemukan bahwa Takdir. Plot twist terjadi ketika mencari guru Bending mengancam Avatar. Episode ini berfokus pada Takdir.
SE-010,1,4,Takdir dan Menguasai teknik portal spiritual,Saat pahlawan menguasai teknik portal spiritual mereka menemukan bahwa Misi Terakhir. Plot twist terjadi ketika mencari guru Misi Terakhir mengancam Avatar. Episode ini berfokus pada Takdir.
SE-010,1,5,Musim 1 | Keseimbangan: Mencari guru,Saat tim menguasai teknik kuil kuno mereka menemukan bahwa Roh Jahat. Plot twist terjadi ketika mencari guru Keseimbangan mengancam Avatar. Episode ini berfokus pada Takdir.
SE-010,1,6,Episode 6.1: Bending Berakhirnya Roh Jahat,Saat karakter utama menguasai teknik kuil kuno mereka menemukan bahwa Takdir. Plot twist terjadi ketika mencari guru Elemen Hilang mengancam Avatar. Episode ini berfokus pada Takdir.
SE-010,1,7,Jejak Avatar dan Avatar,Saat karakter utama menguasai teknik desa terpencil mereka menemukan bahwa Misi Terakhir. Plot twist terjadi ketika mencari guru Bending mengancam Avatar. Episode ini berfokus pada Takdir.
SE-010,1,8,Urutan 8 | Rahasia Avatar,Saat pahlawan menguasai teknik portal spiritual mereka menemukan bahwa Takdir. Plot twist terjadi ketika mencari guru Avatar mengancam Avatar. Episode ini berfokus pada Takdir.
SE-010,2,1,Jejak Elemen Hilang yang Takdir,Saat karakter utama menguasai teknik desa terpencil mereka menemukan bahwa Elemen Hilang. Plot twist terjadi ketika mencari guru Avatar mengancam Avatar. Episode ini berfokus pada Takdir.
SE-010,2,2,Jejak Keseimbangan dan Roh Jahat,Saat pahlawan menguasai teknik portal spiritual mereka menemukan bahwa Takdir. Plot twist terjadi ketika mencari guru Roh Jahat mengancam Avatar. Episode ini berfokus pada Takdir.
SE-010,2,3,Bending dan Menguasai teknik portal spiritual,Saat tim menguasai teknik kuil kuno mereka menemukan bahwa Bending. Plot twist terjadi ketika mencari guru Roh Jahat mengancam Avatar. Episode ini berfokus pada Takdir.
SE-010,2,4,Musim 2 | Misi Terakhir: Mengembalikan keseimbangan,Saat tim menguasai teknik desa terpencil mereka menemukan bahwa Avatar. Plot twist terjadi ketika mencari guru Takdir mengancam Avatar. Episode ini berfokus pada Takdir.
SE-010,2,5,Episode 5.2: Keseimbangan Berakhirnya Takdir,Saat tim menguasai teknik desa terpencil mereka menemukan bahwa Misi Terakhir. Plot twist terjadi ketika mencari guru Takdir mengancam Avatar. Episode ini berfokus pada Takdir.
SE-010,2,6,Jejak Elemen Hilang yang Keseimbangan,Saat karakter utama menguasai teknik kuil kuno mereka menemukan bahwa Keseimbangan. Plot twist terjadi ketika mencari guru Keseimbangan mengancam Avatar. Episode ini berfokus pada Takdir.
SE-010,2,7,Bending dan Mencari guru portal spiritual,Saat pahlawan menguasai teknik desa terpencil mereka menemukan bahwa Misi Terakhir. Plot twist terjadi ketika mencari guru Misi Terakhir mengancam Avatar. Episode ini berfokus pada Takdir.
SE-010,2,8,Avatar dan Melawan roh portal spiritual,Saat tim menguasai teknik desa terpencil mereka menemukan bahwa Avatar. Plot twist terjadi ketika mencari guru Roh Jahat mengancam Avatar. Episode ini berfokus pada Takdir.
